{
    "general_camera_model": {
        "camera_name": "cam0",
        "model_id": 3,
        "width": 1280,
        "height": 1024,
        "params": [
            743.4286936207343,
            743.5545205462922,
            618.7186883884866,
            506.7275058699658,
            0.023584346301328348,
            -0.006764098468377487,
            0.010259071387776937,
            -0.0037561745737771416
        ]
    }
}