{
    "general_camera_model": {
        "camera_name": "cam1",
        "model_id": 3,
        "width": 1280,
        "height": 1024,
        "params": [
            739.1654756101043,
            739.1438452683457,
            625.826167006398,
            517.3370973594253,
            0.019327620961435946,
            0.006784242994724914,
            -0.008658628531456218,
            0.0051893686731546589
        ]
    }
}